"","[M-H]-","fragment1","fragment2","fragment3"
"3-Hydroxycinnamic acid",149.0608,120.05202,119.049,91.05285
"scores",0.0333333333333333,0.0333333333333333,0.9,0.0333333333333333
