"","[M-H]-","fragment1","fragment2"
"Adenosine",266.0895,134.0467,107.0358
"scores",0.333333333333333,0.333333333333333,0.333333333333333
