"","[M-H]-","fragment1","fragment2","fragment3","fragment4","fragment5","fragment6","fragment7","fragment8","fragment9","fragment10","fragment11","fragment12","fragment13","fragment14","fragment15","fragment16","fragment17"
"Ascorbic acid",175.0248,127.007904,116.009918,115.007126,113.011147,101.02639,99.010262,88.012764,87.009476,85.028069,83.014206,75.008507,73.004959,72.016899,71.013306,60.014759,59.012596,57.014565
"scores",0.18,0.00769230769230769,0.00769230769230769,0.18,0.00769230769230769,0.00769230769230769,0.00769230769230769,0.00769230769230769,0.18,0.00769230769230769,0.00769230769230769,0.00769230769230769,0.00769230769230769,0.00769230769230769,0.18,0.00769230769230769,0.18,0.00769230769230769
