"","[M-H]-","fragment1","fragment2","fragment3","fragment4","fragment5","fragment6","fragment7","fragment8","fragment9","fragment10"
"Citric acid",191.0197,155.004623,147.034683,131.003357,129.024292,112.014816,111.011368,88.012619,87.009438,85.030861,57.033176
"scores",0.0125,0.0125,0.0125,0.0125,0.0125,0.0125,0.3,0.0125,0.3,0.3,0.0125
