"","[M-H]-","fragment1","fragment2"
"Cyclamic acid",178.0543,79.9564,78.0337
"scores",0.333333333333333,0.333333333333333,0.333333333333333
