"","[M-H]-","fragment1","fragment2","fragment3"
"L-Proline",114.0561,86.023285,71.048714,66.033348
"scores",0.9,0.0333333333333333,0.0333333333333333,0.0333333333333333
