"","[M-H]-","fragment1","fragment2","fragment3","fragment4","fragment5","fragment6","fragment7","fragment8","fragment9","fragment10"
"Paraxanthine",179.0574,166.024918,164.033096,163.062119,140.045547,123.038605,122.03476,96.055351,82.039581,69.008018,58.028389
"scores",0.3,0.0125,0.3,0.0125,0.0125,0.0125,0.3,0.0125,0.0125,0.0125,0.0125
