"","[M-H]-","fragment1","fragment2","fragment3"
"Phosphoenolpyruvate",166.9751,123.044006,83.012383,78.957619
"scores",0.0333333333333333,0.0333333333333333,0.0333333333333333,0.9
