"","[M-H]-","fragment1","fragment2","fragment3","fragment4","fragment5","fragment6","fragment7","fragment8","fragment9","fragment10","fragment11","fragment12","fragment13","fragment14","fragment15","fragment16","fragment17","fragment18","fragment19","fragment20"
"Uric acid",167.0211,166.050156,166.012268,153.00592,151.005661,150.008865,142.025116,124.013969,123.080254,123.043945,123.029884,123.006393,122.963844,97.003052,96.018982,84.015739,83.012344,81.033195,69.007828,68.994194,66.992455
"scores",0.225,0.00588235294117647,0.00588235294117647,0.00588235294117647,0.00588235294117647,0.00588235294117647,0.00588235294117647,0.225,0.00588235294117647,0.225,0.00588235294117647,0.00588235294117647,0.00588235294117647,0.00588235294117647,0.00588235294117647,0.00588235294117647,0.225,0.00588235294117647,0.00588235294117647,0.00588235294117647,0.00588235294117647
