"","[M-H]-","fragment1","fragment2"
"Vanillylmandelic acid",197.0455,138.0318,137.0244
"scores",0.333333333333333,0.333333333333333,0.333333333333333
