"","[M-H]-","fragment1","fragment2","fragment3","fragment4","fragment5","fragment6","fragment7","fragment8","fragment9","fragment10","fragment11","fragment12","fragment13","fragment14","fragment15","fragment16","fragment17","fragment18","fragment19","fragment20","fragment21","fragment22","fragment23","fragment24","fragment25","fragment26","fragment27","fragment28","fragment29","fragment30"
"D-Xylitol",151.0612,151.004517,150.000809,149.044174,136.015564,133.049637,131.033752,119.033691,113.023079,103.038704,102.02626,101.023026,99.007378,97.028038,91.038681,90.026344,89.022964,87.007263,85.028015,83.01236,75.007317,73.027992,72.991707,72.015648,71.012367,69.033012,60.015831,59.012383,58.004589,57.033192,55.017414
"scores",0.128571428571429,0.00416666666666667,0.00416666666666667,0.00416666666666667,0.00416666666666667,0.00416666666666667,0.00416666666666667,0.00416666666666667,0.00416666666666667,0.00416666666666667,0.00416666666666667,0.128571428571429,0.00416666666666667,0.00416666666666667,0.00416666666666667,0.00416666666666667,0.128571428571429,0.00416666666666667,0.128571428571429,0.00416666666666667,0.00416666666666667,0.128571428571429,0.00416666666666667,0.00416666666666667,0.128571428571429,0.00416666666666667,0.00416666666666667,0.128571428571429,0.00416666666666667,0.00416666666666667,0.00416666666666667
