"","[M+H]+","fragment1","fragment2"
"Allantoin",159.0513,158.9885,116.0457
"scores",0.333333333333333,0.333333333333333,0.333333333333333
