,[M]+,[M+H]+,fragment1,fragment2,fragment3,fragment4,fragment5,fragment6,fragment7,fragment8,fragment9,fragment10,fragment11,fragment12
alpha-Tocopherol,430.3823,431.3884,429.3742,219.1389,205.1233,191.1075,177.0918,166.0955,165.0924,164.0841,163.1125,149.0968,111.1177,97.102
scores,0.3,0.3,0.009090909,0.009090909,0.009090909,0.009090909,0.009090909,0.009090909,0.3,0.009090909,0.009090909,0.009090909,0.009090909,0.009090909
