"","[M+H]+","fragment1","fragment2"
"Betaine",118.0863,59.0743,58.0662
"scores",0.333333333333333,0.333333333333333,0.333333333333333
