"","[M]+","fragment1","fragment2"
"Choline",104.1075,60.0815,58.0658
"scores",0.333333333333333,0.333333333333333,0.333333333333333
