"","[M+H]+","fragment1","fragment2","fragment3"
"Creatinine",114.0662,104.082123,86.071732,72.045052
"scores",0.9,0.0333333333333333,0.0333333333333333,0.0333333333333333
