"","[M+H]+","fragment1","fragment2","fragment3","fragment4","fragment5"
"Creatine",132.0768,115.050362,114.06633,91.05883,90.055473,87.055794
"scores",0.45,0.025,0.025,0.025,0.45,0.025
