"","[M+H]+","fragment1","fragment2","fragment3","fragment4","fragment5","fragment6","fragment7","fragment8","fragment9","fragment10","fragment11","fragment12","fragment13","fragment14","fragment15","fragment16","fragment17","fragment18","fragment19","fragment20","fragment21","fragment22","fragment23","fragment24","fragment25","fragment26","fragment27","fragment28","fragment29","fragment30","fragment31","fragment32","fragment33","fragment34","fragment35","fragment36","fragment37","fragment38","fragment39"
"L-Glutamine",147.082153,147.0764,147.063278,147.055252,146.980515,146.628571,146.585144,146.128784,146.074677,139.070816,138.569092,138.07164,137.570496,137.561188,137.063873,131.053421,130.133957,130.049988,128.118362,123.964516,117.048203,116.040588,113.107574,112.099922,105.9543,104.118683,102.055428,101.071358,99.092064,87.092255,86.0606,85.076607,84.045006,73.076767,72.081589,71.779381,71.777351,70.065933,58.065918,56.050362
"scores",0.00285714285714286,0.18,0.00285714285714286,0.00285714285714286,0.00285714285714286,0.00285714285714286,0.00285714285714286,0.00285714285714286,0.00285714285714286,0.00285714285714286,0.00285714285714286,0.00285714285714286,0.00285714285714286,0.00285714285714286,0.00285714285714286,0.00285714285714286,0.18,0.18,0.00285714285714286,0.00285714285714286,0.00285714285714286,0.00285714285714286,0.00285714285714286,0.00285714285714286,0.00285714285714286,0.00285714285714286,0.00285714285714286,0.00285714285714286,0.00285714285714286,0.18,0.00285714285714286,0.00285714285714286,0.18,0.00285714285714286,0.00285714285714286,0.00285714285714286,0.00285714285714286,0.00285714285714286,0.00285714285714286,0.00285714285714286
