"","[M+H]+","fragment1","fragment2","fragment3"
"Glutathione oxidized form (GSSG)",613.1592,612.9628,612.8618,484.1136
"scores",0.9,0.0333333333333333,0.0333333333333333,0.0333333333333333
