"","[M+H]+","fragment1","fragment2","fragment3","fragment4","fragment5","fragment6","fragment7","fragment8"
"Pantothenic acid",220.1179,202.1085,184.0981,124.0766,116.0353,98.024,90.0556,85.0652,70.0298
"scores",0.111111111111111,0.111111111111111,0.111111111111111,0.111111111111111,0.111111111111111,0.111111111111111,0.111111111111111,0.111111111111111,0.111111111111111
