"","[M+H]+","fragment1","fragment2","fragment3","fragment4","fragment5","fragment6","fragment7","fragment8"
"Paraxanthine",181.072,142.061005,139.987701,134.996277,124.050575,116.985924,116.972038,98.975586,98.9617
"scores",0.45,0.0142857142857143,0.0142857142857143,0.0142857142857143,0.45,0.0142857142857143,0.0142857142857143,0.0142857142857143,0.0142857142857143
