"","[M+H]+","fragment1","fragment2","fragment3","fragment4"
"Theophylline",181.072,142.058365,137.081833,125.055031,124.050133
"scores",0.45,0.0333333333333333,0.0333333333333333,0.0333333333333333,0.45
