"","[M+H]+","fragment1","fragment2","fragment3","fragment4","fragment5"
"L-Valine",118.0863,73.084778,72.081512,59.0737,58.065895,55.055058
"scores",0.45,0.025,0.45,0.025,0.025,0.025
