feature.mz,feature.rt,Sample.name
468.3094542,82.92008607,Lipid_Positive_QC
542.3222982,100.6142342,Lipid_Positive_QC
184.0739525,139.528724,Lipid_Positive_QC
542.3222982,100.6142342,Lipid_Positive_QC